Country code,1950-1955,1955-1960,1960-1965,1965-1970,1970-1975,1975-1980,1980-1985,1985-1990,1990-1995,1995-2000,2000-2005,2005-2010
900,0.0020,0.0100,0.0030,0.0120,0.0030,0.0010,-0.0060,-0.0020,0.0210,-0.0120,-0.0090,-0.0160
901,315.1760,-451.5570,3003.8450,4136.4630,6122.2690,6075.7380,5642.9560,7433.2320,11894.6280,13821.0460,17449.9120,16557.8190
902,-315.1740,451.5670,-3003.8420,-4136.4510,-6122.2660,-6075.7370,-5642.9620,-7433.2340,-11894.6070,-13821.0580,-17449.9210,-16557.8350
941,-439.8220,-530.6620,-747.3170,-785.5010,-4872.2990,-4300.9380,-5735.0170,-3562.2100,2563.1360,-3060.6510,-3351.2500,-5559.1100
934,124.6480,982.2290,-2256.5250,-3350.9500,-1249.9670,-1774.7990,92.0550,-3871.0240,-14457.7430,-10760.4070,-14098.6710,-10998.7250
948,-347.6160,315.2530,-2456.0280,-4451.7320,-5043.0050,-6210.1320,-5438.2850,-7194.2740,-11068.4080,-13535.4700,-15316.3890,-15107.2310
947,-79.8740,-140.4020,-183.5930,-276.0450,-641.9480,-586.8220,-820.5160,-1175.7730,398.4700,-1197.3190,-1976.0290,-1986.8400
903,-562.5440,-754.8860,-1242.2150,-985.6090,-1914.7580,-1437.8390,-1312.0510,-2182.3870,-1263.9160,-2832.2970,-3111.7080,-3141.5620
910,-116.9940,-131.5490,-24.0530,-135.6320,-450.9860,-621.4380,-503.0740,204.0910,-1771.7510,636.2930,-1263.1100,-1824.8640
108,-69.9470,-70.0480,-84.9890,-99.9210,-260.2370,-55.3440,97.4650,-2.8690,-250.0000,-400.0000,200.0000,370.0000
174,0.0000,-6.1160,-8.4910,-5.5000,-5.5000,10.0000,-4.5000,-4.5000,-3.0000,-6.0000,-10.0000,-10.0000
262,1.0000,5.0000,18.0000,25.0000,35.0000,77.0000,10.0000,90.0000,-15.0000,30.0000,0.0000,0.0000
232,0.1750,2.2120,6.3560,2.9100,7.7730,53.2310,49.2000,-3.8000,-358.6610,-8.8870,229.3760,55.0000
231,-20.0000,-20.0000,-20.0000,-42.1800,-59.6000,-2043.1200,598.4000,780.4300,768.2600,-276.9100,-340.4600,-300.0000
404,0.0000,0.0000,-20.0000,-19.5350,-17.9150,-2.9300,3.8050,5.0230,221.5690,-21.3860,25.1440,-189.3300
450,0.0000,0.0000,0.0000,-8.0000,-19.0000,-30.0000,-8.0000,-8.0000,-7.0000,-6.0000,-5.0000,-5.0000
454,-9.6950,-3.3470,-3.1250,-5.9620,60.7010,21.9050,-30.0090,846.0790,-897.6290,-106.1430,-20.0000,-20.0000
480,4.4290,-6.0300,-30.8450,-29.1310,-20.4360,-20.5790,-21.5910,-35.9270,-5.5740,-8.8160,0.0000,0.0000
175,2.6190,2.4590,2.3140,0.4540,0.4960,-0.9870,3.7940,6.0550,13.2460,5.8400,0.6220,-0.3030
508,-23.5000,-23.5000,-23.5000,-23.5000,-23.5000,87.3730,-373.3660,-1300.0000,650.0000,75.0000,-20.0000,-20.0000
638,2.7690,-4.0060,-2.6420,12.2230,-23.5320,-17.4700,4.0210,-0.5570,11.4830,12.2100,2.2140,0.0000
646,0.0000,0.0000,-0.1600,0.0160,-0.0270,-0.0150,-109.8700,15.3270,-1512.7900,1815.9950,5.9310,15.1090
706,0.0000,-1.0400,-1.0460,1.4890,-0.0060,1587.5650,-832.0450,-632.2860,-893.3650,-100.0040,-200.0000,-300.0000
800,0.0000,0.0000,125.2000,53.3300,-240.5300,-166.6600,-115.3400,233.3660,119.9950,-45.7370,-5.0000,-135.0000
834,0.0000,0.0000,27.0000,36.0250,118.9900,-22.2500,37.1800,68.2080,591.2880,-205.8750,-345.0000,-300.0000
894,0.0000,0.0000,2.5000,-4.1800,27.1220,3.5830,48.1030,28.5830,-11.2010,83.4830,-81.7130,-85.0000
716,-3.0000,-5.0000,-10.0000,-28.0000,-30.3600,-101.5150,141.5200,120.5050,-191.8040,-200.0000,-700.0000,-900.0000
911,-9.1600,-5.9960,-14.5880,16.0480,-164.4240,-21.0250,-171.4590,-57.3400,1412.6600,-1481.9650,106.3390,37.4060
24,0.0000,-75.0000,-135.0000,-201.1550,-88.4550,13.9550,234.1490,-150.2320,142.7630,-126.3110,172.1940,82.0050
120,0.0000,0.0000,0.0000,4.0000,11.0000,58.9950,-49.5750,24.7530,-5.2890,-0.2490,-12.1210,-19.0000
140,0.0000,0.0000,11.9300,13.1450,-20.0750,-1.0000,40.1650,-40.9820,37.3920,11.2930,-45.0000,5.0000
148,0.0000,-2.5000,-5.0000,-40.9500,-49.0500,-175.5000,-131.2450,1.4180,-10.3740,69.4440,218.9660,-75.0000
178,0.0000,0.0000,0.0000,0.5000,6.9450,-7.4080,2.0970,1.1450,15.5310,35.3000,-13.2570,49.8720
180,0.0000,75.0000,122.6500,241.9100,27.4500,100.6850,-346.8600,74.7430,1202.3800,-1500.9560,-241.5640,-23.9750
226,0.0000,0.0000,0.0000,0.0000,-70.0000,-30.0000,65.0000,15.0000,15.0000,20.0000,25.0000,20.0000
266,0.0000,0.0000,0.0000,0.0000,20.0000,20.0000,20.0000,20.0000,20.0000,14.3740,9.5660,5.0000
678,-9.1600,-3.4960,-9.1680,-1.4020,-2.2390,-0.7520,-5.1900,-3.1850,-4.7430,-4.8600,-7.4450,-6.4960
912,-492.6700,-624.4840,-1119.5520,-791.2190,-1097.0100,-522.7320,-75.9900,-1465.5480,-1830.7420,-1861.8320,-1667.4600,-1019.7220
12,-289.2020,-433.1150,-638.0280,-200.0620,-153.7870,6.2210,83.3060,-70.0000,-50.0000,-140.0000,-140.0000,-140.0000
818,-50.1000,-50.1000,-50.1000,-239.7000,-626.7960,-848.4400,-696.6010,-651.8180,-1109.2380,-945.7040,-370.7800,-346.9220
434,-40.3760,46.0230,45.8910,75.3150,90.6700,118.7410,185.5600,-20.3000,-20.3000,-20.3000,-20.3000,-20.3000
504,0.6980,-12.9670,-205.3590,-217.7450,-442.9720,-171.6210,-50.0000,-250.0000,-450.0000,-500.0000,-614.0000,-675.0000
736,-10.0000,-10.0000,-60.9300,-81.6550,175.8000,328.2850,415.5450,-458.9340,-168.3560,-226.8540,-531.7810,135.0000
788,-109.2900,-172.6250,-223.5260,-144.5220,-128.7450,-16.7180,-24.0000,-25.1960,-43.2480,-55.6240,-80.5990,-20.0000
732,5.6000,8.3000,12.5000,17.1500,-11.1800,60.8000,10.2000,10.7000,10.4000,26.6500,90.0000,47.5000
913,5.5450,-35.8170,45.5240,168.7380,204.2410,30.0400,123.7160,-75.8890,846.2940,226.7680,640.1140,691.2390
72,-5.0000,-20.0000,-15.0000,-6.0200,2.3260,14.8450,0.6010,5.8030,17.8640,24.5460,21.2780,18.7300
426,-20.0000,-26.0000,-25.0000,-22.4000,-24.8880,-5.7480,-14.2500,-50.9200,-56.6400,-20.8790,-26.8940,-19.9980
516,0.0000,0.0000,0.0000,-0.8700,-2.8250,-44.5850,-29.1390,74.7910,23.4920,35.4970,-8.1940,-1.4940
710,33.3000,12.1620,95.4320,207.5000,237.5000,75.0000,181.0000,-122.7120,899.8210,199.6040,700.0010,700.0010
748,-2.7550,-1.9790,-9.9080,-9.4720,-7.8720,-9.4720,-14.4960,17.1490,-38.2430,-12.0000,-46.0770,-6.0000
914,50.7350,42.9600,-129.5460,-243.5440,-406.5790,-302.6840,-685.2440,-787.7010,79.6230,-351.5610,-927.5910,-1025.6210
204,-23.0010,-23.0010,-24.2950,-23.7420,-24.8450,-19.3930,-10.8480,-8.7230,105.0000,-29.2870,98.8310,50.0000
854,-102.1590,-102.1590,-144.7230,-144.7230,-170.2630,-217.4000,-217.4000,-183.6990,-150.0010,-137.4990,-125.0000,-125.0000
132,-7.9260,-10.9690,-0.2670,1.8650,-3.5510,-57.0900,-20.3130,-34.0100,-6.3760,-9.4370,-10.9250,-17.2790
384,69.3800,99.9190,200.0000,250.0000,350.0000,420.0000,430.0000,325.0000,375.0000,90.0000,-510.0000,-360.0000
270,16.9130,36.3750,-3.2320,0.1180,9.3920,-3.3800,19.4750,48.3920,-14.8010,-26.4180,-13.7420,-13.7420
288,150.0000,142.0000,0.0000,-362.0000,-164.0000,-564.0000,206.0000,-30.0000,40.0000,-51.3140,11.6900,-51.2580
324,-0.0070,-9.9290,-13.8570,-18.0000,-275.0000,-353.0000,-38.0000,162.4500,950.0880,-227.0000,-425.0000,-300.0000
624,-10.0010,-9.9830,-40.0000,-27.2300,-0.7700,63.0000,-20.0000,-20.0000,-20.0000,-20.0000,-20.0000,-10.0000
430,-0.0130,7.9830,7.9960,11.0130,10.9960,11.9490,0.0000,-367.8450,-283.7560,453.1990,-72.6650,300.0000
466,-35.0310,-49.0700,-70.2430,-98.2350,-95.5850,-174.9980,-218.0640,-480.6520,-173.4890,-141.9500,-67.1100,-100.8230
478,-1.3000,-1.6000,-1.8200,-2.7600,-5.9500,-9.7000,-16.1000,-30.3000,-14.7000,9.9000,30.0000,9.9000
562,5.0010,-25.1240,-11.5450,-11.5450,-13.7630,-18.1380,-92.9460,-91.9170,-2.6790,24.0560,-28.4970,-28.4970
566,3.3680,2.7060,1.0210,-43.3470,-38.5260,854.6490,-671.6400,-91.4070,-95.7690,-95.0270,-170.0000,-300.0000
686,33.0330,44.0460,50.0020,86.5220,65.5860,-134.7830,-85.1080,-48.2350,-56.0040,-167.8890,-120.9030,-132.8420
694,0.0000,0.0000,0.0000,0.0000,0.0000,0.0000,0.0000,62.7450,-450.0000,-150.0000,500.0000,60.0000
768,-46.9220,-57.3340,-77.8830,138.9200,-50.0000,-100.0000,50.0000,1.0000,-122.1900,127.7050,-3.5700,-5.4300
935,241.7090,1374.2580,-84.8710,61.1140,-1827.1390,-2226.0220,-404.5350,-2448.4650,-6273.0130,-6939.5240,-8191.3900,-7838.8980
906,-597.5620,107.5110,-620.0480,804.4840,-1072.2500,14.2380,324.2760,-432.4450,-1097.2180,-840.3150,-2194.4060,-1225.6050
156,-115.9520,-8.1630,-1058.8290,-12.7380,-1113.1270,-428.3130,-258.0690,-236.2570,-823.6590,-677.4440,-2298.0550,-1884.1020
344,166.1790,177.3340,224.4810,-177.8020,66.5080,401.9930,82.4710,160.1640,155.8400,550.8100,-11.2470,176.1250
446,-37.3220,-32.1020,19.6080,35.8390,-7.3190,-6.3860,32.2800,36.8660,18.2310,19.7590,42.4910,50.6250
408,-686.0500,0.0020,-0.0090,0.0150,-0.0300,0.0190,-0.0130,-0.0050,0.0000,0.0000,0.0000,0.0000
392,54.6730,-468.5160,209.1560,878.3240,456.8230,45.0010,211.9530,-628.4490,450.5530,17.6460,52.4040,270.0000
496,0.0000,0.0000,0.0000,0.0000,0.0000,0.0000,0.0000,0.0000,-88.4320,-57.7260,-15.0010,-15.0010
410,1.3730,439.7110,-281.3810,-389.1360,-449.7820,-165.1770,317.0130,434.9690,-633.1400,-514.6470,-98.2770,-30.0000
158,19.5370,-0.7550,266.9260,469.9820,-25.3230,167.1010,-61.3590,-199.7330,-176.6110,-178.7130,133.2790,206.7480
921,471.1710,959.3350,585.5790,-225.3430,-737.0970,-925.0420,-1788.5320,-1905.0770,-2775.7770,-3975.7610,-6001.4260,-9801.5760
5500,536.9990,1132.9360,1024.9460,493.8980,261.7070,-430.6840,-718.6320,-1318.6960,-2368.7410,-2130.6590,-1760.9660,-993.6630
398,596.5030,1043.8860,727.3960,172.7100,-108.7820,-387.2050,-411.4620,-594.9060,-1509.2010,-1320.4420,-220.9750,6.9900
417,-12.5210,35.0750,107.5750,108.2870,9.5840,-23.7150,-71.6970,-155.2170,-273.0000,-27.0000,-249.3130,-131.5930
762,-18.2620,-16.1610,24.3710,28.5480,16.9080,-14.1360,-37.2190,-83.1840,-296.1910,-333.2220,-421.7230,-296.0750
795,-28.7390,33.0450,29.5760,30.8480,16.3850,-5.6720,-34.2350,-34.6680,50.0010,-49.9950,-113.4980,-54.4990
860,0.0180,37.0910,136.0280,153.5050,327.6120,0.0440,-164.0190,-450.7210,-340.3500,-400.0000,-755.4570,-518.4860
5501,-65.8280,-173.6010,-439.3670,-719.2410,-998.8040,-494.3580,-1069.9000,-586.3810,-407.0360,-1845.1020,-4240.4600,-8807.9130
4,0.0000,0.0000,0.0000,0.0000,0.0000,-1117.4610,-3418.3020,-1484.1600,4200.0000,-375.8700,965.6640,-381.0300
50,-5.6580,-0.3560,-139.1120,-212.2030,-3028.2540,-1101.4920,-935.7110,-289.3650,-1033.7190,-956.1230,-1493.3290,-2908.0150
64,10.0000,5.0000,5.0000,10.0000,20.0000,15.0000,0.7970,1.5950,-101.0440,0.1430,34.9760,16.8290
356,-3.7460,-4.2480,-86.0680,-296.3320,2218.3070,868.1000,361.6620,-13.5690,-127.4200,-512.7890,-1923.2450,-2999.9980
364,-1.0880,-1.9470,-7.8380,51.7550,77.6330,419.9970,2073.0690,1344.3750,-1485.0010,687.0590,125.5820,-185.6500
462,-0.0220,-0.1160,-0.5810,-2.9040,2.4150,0.0000,0.0000,-2.6050,-3.0720,-1.1000,-0.1050,-0.0530
524,-40.5590,-80.2320,-70.0000,-21.0750,-5.7990,-41.0020,-101.1470,-144.9990,-101.0020,-99.0880,-100.0000,-100.0000
586,-8.2550,-16.7020,-93.2680,-209.9820,-138.1060,700.0000,1345.2320,139.7870,-1499.9980,-187.3320,-1750.0020,-1999.9980
144,-16.5000,-75.0000,-47.5000,-38.5000,-145.0000,-237.5000,-395.5000,-137.4400,-255.7800,-400.0020,-100.0010,-249.9980
920,29.4930,73.7410,-64.7550,-353.6590,-290.9770,-1778.2910,19.1170,211.5830,-2285.5020,-713.9730,-2201.6700,-2535.0320
96,5.1620,4.9110,4.8190,9.8710,9.6170,7.4500,3.6420,2.5900,4.1930,5.4360,3.5200,3.5000
116,-0.3210,-0.1270,-0.5640,-4.5210,-449.7000,-369.0440,0.0000,150.0000,155.6060,93.5370,-118.2080,-254.9420
360,-5.7170,-0.3610,-103.5410,-85.9760,-11.1770,-63.7320,-78.1780,-263.7820,-719.9860,-775.9210,-1184.2980,-1293.0890
418,-0.0100,0.0460,0.0760,0.0300,0.0460,-198.7560,-35.1100,0.1380,-30.1220,-87.4990,-114.9980,-74.9980
458,-36.0350,-0.5330,32.7080,-2.5640,-12.4830,9.3520,177.8690,461.3530,321.7970,421.9390,396.6620,84.4940
104,0.0000,0.0000,0.0000,0.0000,0.0000,0.0000,-54.6600,-136.9900,-125.8200,4.0000,-1000.0000,-500.0000
608,0.0000,0.0000,0.0000,-272.1340,-238.0110,-313.8650,-176.9770,-298.9650,-695.1620,-775.9240,-1127.9000,-1233.3650
702,65.5600,67.9910,0.4280,-0.3630,5.8890,14.2660,154.6840,121.3600,231.7250,253.8810,232.4720,721.7380
764,0.0000,0.0000,0.0000,0.0000,402.5780,287.2260,341.9120,504.6740,-1107.5370,595.8050,1102.8630,492.2520
626,0.8540,1.8140,1.3190,1.9980,2.2640,-97.3450,10.8780,3.5310,-4.3810,-162.2100,40.3990,-49.9300
704,0.0000,0.0000,0.0000,0.0000,0.0000,-1053.8430,-324.9430,-332.3260,-315.8150,-287.0170,-432.1820,-430.6920
922,338.6070,233.6710,14.3530,-164.3680,273.1850,463.0730,1040.6040,-322.5260,-114.5160,-1409.4750,2206.1120,5723.3150
51,45.1920,80.8790,57.5040,84.9260,79.1850,18.0770,-46.5850,-67.9140,-500.0000,-225.0000,-100.0000,-75.0000
31,-14.8680,35.9790,-29.2730,-36.2630,-13.5640,-71.7950,-107.5050,-151.1630,-115.7270,-127.5100,53.2640,53.2640
48,3.1630,7.9060,-4.3390,-7.2000,19.1230,48.9610,3.1900,12.9000,5.4780,19.4920,25.0890,447.8560
196,-13.8000,-6.6480,-43.0250,-7.8430,3.0530,-1.2150,-27.6340,17.1670,43.1950,53.2600,61.8300,44.1660
268,128.8840,87.2310,-38.2830,1.9120,-63.2000,-80.2790,-21.4290,-64.5120,-544.0690,-390.0360,-309.0210,-150.0000
368,-0.5500,-1.1000,-1.8620,-6.8770,-8.5870,-47.7910,-199.9390,-630.1840,-154.0260,-17.8590,-580.1670,-150.0210
376,262.1670,167.5650,208.7590,72.4400,165.8790,62.5460,2.6040,65.4180,456.9230,245.3340,102.9350,273.6350
400,123.0940,119.2450,35.7150,254.3520,-29.7060,-80.7580,81.6570,118.1980,401.4720,-188.2620,-93.8970,202.9190
414,16.3940,32.7870,153.6000,137.5330,109.1610,101.4710,102.7460,118.9800,-601.8730,124.7190,161.6090,277.6290
422,1.6150,40.0000,20.0000,-35.0000,-10.0000,-286.0010,-220.0010,-220.0010,230.0000,0.0000,100.0000,-12.5000
275,-68.8130,-67.9600,-77.6390,-283.6340,-32.2500,-83.7000,-61.4500,-39.3500,35.0000,70.0000,-190.0000,-90.0000
512,-10.0000,-10.0000,-10.0000,-5.0000,25.4700,76.4090,81.5000,9.0000,65.5000,-228.9350,-50.0000,153.0030
634,5.6500,4.4920,16.3350,20.9140,34.3680,28.3150,101.9720,57.5190,-22.4550,42.8410,170.4030,857.0900
682,22.0670,18.7190,125.9350,187.4260,491.8750,995.6760,1391.6260,538.4120,-121.5080,-876.8910,1725.8030,1055.5170
760,-70.0000,-15.0000,-16.0000,-16.0000,-81.5010,-161.6720,-87.0010,-146.5010,-70.0000,-130.0000,548.2620,-55.8770
792,-40.0000,-183.5280,-319.9970,-335.0030,-314.7990,-367.9980,-77.5910,-150.0000,-200.0010,-149.9980,-100.0020,-50.0000
784,-1.5880,-1.8960,36.9230,54.6110,251.6780,387.8270,174.4440,259.5050,327.5750,469.3700,780.0040,3076.6340
887,-50.0000,-75.0000,-100.0000,-245.6620,-353.0000,-75.0000,-50.0000,-50.0000,650.0000,-100.0000,-100.0000,-135.0000
908,-1998.3950,-2858.0160,981.5140,-27.6960,1981.4110,1952.5310,1312.2480,2729.6590,5856.8480,4043.0380,9317.5240,9047.2680
923,-849.7200,-2480.9640,-315.3680,18.3530,-267.0810,322.6560,793.4820,95.2720,1181.5110,920.9500,876.7900,1131.7670
112,-389.5330,-174.8660,-224.2290,4.1310,-46.1510,-26.1350,10.7480,-32.5470,0.0000,0.0000,20.0000,-50.0100
100,-153.1900,-9.2370,-3.2190,-11.6700,-48.9630,-90.3760,-16.5160,-186.3950,-348.5030,-108.4440,-41.3250,-50.0000
203,-31.7760,-4.7600,-50.3210,-32.6160,-30.8040,12.0710,-18.6470,-22.1900,24.8160,35.6720,56.9250,240.4660
348,1.3720,-148.7160,6.6110,-9.9210,-5.9480,11.6240,-95.5830,-77.0830,78.8370,81.7140,66.1630,75.0000
616,-51.8720,-828.5850,316.5880,17.8400,-107.6260,-117.5010,-94.4060,-249.6480,-235.0110,-199.1800,-104.0720,55.6440
498,99.0750,182.2500,119.6410,97.3620,90.2520,-5.6020,-0.3180,-89.1120,-120.7560,-252.5000,-320.0000,-171.7480
642,81.6690,-259.8770,-94.7660,-20.8490,-51.1000,-62.5380,-96.5350,-120.9710,-529.2050,-300.0000,-200.0000,-100.0000
643,-354.8820,-973.6120,-661.0680,-277.4210,-307.2720,622.8870,1107.0000,906.6150,2219.7180,2208.2190,1564.4260,1135.7370
703,19.4290,22.3580,-19.5270,-48.5670,-19.5180,-9.6960,-27.7240,-35.3120,-8.8380,2.5600,7.5020,36.6840
804,-70.0120,-285.9190,294.9220,300.0640,260.0490,-12.0780,25.4630,1.9150,100.4530,-547.0910,-172.8290,-40.0060
924,-569.6660,-145.4240,177.0700,64.8430,364.2150,274.5470,48.5550,300.6960,151.2580,543.0490,1427.0700,1691.1170
830,2.1860,2.2510,2.9340,3.8800,4.2500,1.7260,5.3800,6.0850,0.7520,2.8000,3.0000,4.5000
208,-18.2800,-32.6400,2.2560,21.8660,23.2560,14.9250,9.3190,32.8390,65.4660,74.5680,46.3060,90.3160
233,35.4900,21.7270,41.9010,47.0480,36.3690,19.4760,29.9750,15.0320,-107.7950,-36.5710,0.9100,0.0000
246,-44.8160,-39.8220,-61.8430,-102.6600,23.2080,-35.8690,22.7540,15.5100,42.6250,19.5540,33.3170,72.6340
352,-0.3470,0.2940,-1.3220,-2.7920,-0.7290,-4.0930,-0.0500,0.3200,-1.2340,1.9720,3.8990,10.4170
372,-146.2710,-207.4200,-109.7280,-50.8670,37.3280,53.0560,-50.7450,-115.1930,-10.6470,83.4110,199.9480,100.0000
428,18.2260,52.5170,69.0530,65.8250,55.6990,39.1070,38.6000,41.7630,-133.7990,-39.9650,-19.5840,-10.0000
440,-81.1990,-37.0090,18.2710,26.6070,38.4390,38.2640,38.7640,33.1600,-98.7950,-105.5280,-35.8400,-35.4950
578,-14.5020,-10.1650,-2.7990,5.0340,15.9950,20.0400,24.5120,33.9440,42.3560,58.6840,67.2460,171.2320
752,43.1320,38.8920,74.0970,130.1630,19.4400,83.2420,26.5960,132.3450,150.7660,49.0700,155.3940,265.6490
826,-357.9200,69.9660,142.5630,-84.8530,106.4150,39.1190,-97.4950,98.7580,205.4430,429.4160,968.3500,1020.2110
925,-1088.6400,-1877.1800,-1568.8560,-1653.6270,68.2470,691.0380,139.5570,-7.9740,284.7510,1183.4270,4716.3610,4538.0420
8,2.3270,2.8640,2.5160,1.4920,0.9560,-5.5490,-4.7720,22.8710,-423.2850,-270.2450,-72.2430,-47.8890
70,-43.0510,-133.4630,-149.7600,-138.8110,-79.9450,-84.8410,-21.9480,-24.1410,-1025.0000,281.7950,61.8250,-10.0000
191,-52.2510,-88.0910,-71.8810,-72.8070,-0.1530,9.8510,25.9990,6.9220,152.6750,-160.0000,-12.8960,10.0000
300,-76.8350,-123.9300,-217.2710,-187.7000,-72.0300,277.7790,64.1100,154.5710,469.7080,300.3040,192.5050,154.0040
380,-203.8820,-559.7820,-231.6940,-231.8070,19.4060,164.8960,266.3950,-10.2410,152.5560,225.3470,1853.6900,1998.9260
470,-27.2510,-26.2080,-26.2620,-12.2970,-9.8020,4.1300,5.9180,2.3230,6.1780,2.2410,8.6240,5.0000
499,7.3390,13.7820,16.4670,-8.3150,12.0940,9.9960,-16.2440,17.7420,11.3460,-32.4500,-20.6320,-2.5080
620,-265.0810,-329.4120,-547.8840,-701.6000,108.1870,198.6290,-66.8940,-147.8730,149.1220,173.6040,180.0000,150.0020
688,35.2060,-50.0570,-88.1400,-89.7440,-20.6510,7.6800,-10.3600,27.4880,450.5660,-147.8890,-338.5440,0.0000
705,-26.1590,-23.4790,-16.0040,-21.7850,16.8330,33.7680,17.3480,20.7610,37.7380,24.2060,22.5190,22.0000
724,-435.5440,-459.0110,-193.8070,-145.9360,96.9900,76.9030,-43.2910,-67.6710,319.2680,796.0190,2829.2280,2250.0050
807,-5.8520,-103.8140,-50.7490,-49.7360,-8.2380,-7.3520,-84.7010,-14.9520,-27.4790,-9.0000,-4.0000,2.0000
926,509.6310,1645.5520,2688.6680,1542.7350,1816.0300,664.2900,330.6540,2341.6650,4239.3280,1395.6120,2297.3030,1686.3420
40,-77.3350,-51.8010,15.9130,50.4120,83.5090,5.5750,18.4450,110.7010,234.0160,65.0280,219.8930,160.0000
56,38.5520,54.1800,82.0060,51.9010,73.6420,22.4660,-34.9080,51.5590,85.1790,61.3390,195.9040,200.0000
250,231.5370,810.4070,1392.5370,484.5500,543.2130,254.0570,289.3510,278.1910,122.8900,187.8470,765.8420,500.0010
276,275.1680,721.1120,898.5250,802.9770,888.5370,329.1960,-108.4860,1620.9560,3306.2700,839.1910,768.9990,550.0010
442,4.4910,2.8120,11.0780,4.0350,20.6010,6.0120,1.8400,11.8670,19.9230,19.8950,14.4450,42.4690
528,-94.6680,-22.2210,11.5890,54.6360,179.4600,180.7180,79.5250,133.8450,220.0830,153.5530,144.6200,50.0060
756,131.7470,129.1870,276.1810,92.9780,25.1850,-135.3650,81.0400,130.8570,247.4060,65.2180,186.1250,182.8030
904,79.5380,-609.9970,-1460.6150,-2315.5260,-1876.4800,-2306.8000,-3678.8120,-3337.6210,-3840.1660,-3937.2030,-5983.8210,-5231.7290
915,-474.3300,-517.9870,-673.1430,-778.6710,-650.1170,-618.6700,-685.9890,-650.9570,-548.2310,-582.6430,-693.9830,-831.2390
533,-1.5800,2.7840,-4.3230,-4.2750,-3.5370,-5.4700,-1.9210,-5.1940,14.2180,6.3160,7.7390,4.0000
44,-0.1790,8.5110,14.4510,14.0700,0.9080,3.0890,0.4710,-0.8630,0.3610,-2.7120,6.4400,6.4400
52,-7.0470,-19.0960,-18.1100,-13.7780,-7.2690,-8.3910,-5.4760,-5.3970,-5.6140,-1.8990,0.0000,0.0000
192,-30.0000,-55.0000,-205.0000,-250.0000,-190.0000,-160.0000,-256.5020,-66.5010,-114.0040,-155.8010,-142.5000,-190.1230
214,-21.2620,-30.9790,-42.7820,-56.7640,-71.2530,-87.3540,-102.6920,-116.6500,-129.1830,-139.4140,-147.5020,-140.0000
308,-7.2110,-6.4110,-9.7770,-9.7770,-11.5240,-12.7800,0.0000,-14.7230,-4.4030,-5.5180,-5.0000,-5.0000
312,-2.8050,5.5030,-10.8650,-18.2560,-24.8470,-23.8510,6.1230,5.9100,-4.1880,0.3640,-1.1420,-3.5000
332,-28.9350,-34.5350,-51.2190,-58.3800,-88.3500,-98.7500,-124.0200,-131.4700,-133.2700,-135.7700,-170.4490,-239.9970
388,-37.3370,-150.2490,-148.4310,-169.3620,-104.2320,-113.5600,-81.7130,-160.5000,-111.7170,-73.2080,-76.0760,-100.0000
474,-8.0040,0.0350,-8.1960,-23.0800,-27.0790,-20.6820,-1.6390,-0.2340,-6.7480,0.5390,-2.3010,-2.0000
530,-6.3180,-5.0270,-4.0120,-0.3530,-5.0700,-6.1100,-5.2810,-4.3650,-12.6380,-19.0550,-0.3370,8.4440
630,-288.9330,-209.1390,-91.2030,-134.3870,-40.6880,-19.4100,-48.9160,-54.7660,-4.4950,-25.2080,-153.6620,-145.0920
662,-9.5530,-12.8370,-9.4300,-8.7560,-10.8440,-9.0610,-8.6780,-4.3010,-4.7690,-0.9400,-0.6310,-1.0000
670,-5.0000,-5.2750,-8.7500,-9.2500,-8.0000,-7.0000,-7.0000,-6.7270,-8.3070,-7.6320,-5.0000,-5.0000
780,-9.5100,11.4230,-69.6980,-23.5210,-54.0330,-39.2410,-23.3250,-62.0780,-23.6490,-19.7570,-19.8060,-19.8060
850,-0.6620,-0.7320,10.3990,3.6450,8.5440,-1.3050,-6.7080,-11.4850,-5.7740,-5.1030,-3.6160,-3.6040
916,-191.6800,-66.3140,-533.8180,-1215.9660,-1151.1360,-1237.1760,-2475.7360,-2111.7500,-2526.3650,-2344.4120,-3517.2340,-2511.3200
84,-3.2560,-2.5360,-2.8180,-3.5140,-11.1650,-15.1420,-4.9120,-4.7460,-1.9610,-1.9690,-0.9720,-0.9720
188,0.0000,0.0000,0.0000,0.0000,0.0000,27.0170,31.2290,25.0430,62.3680,127.5210,84.0000,75.6000
222,-69.8400,-50.5200,-14.6300,-53.3400,-96.9800,-192.6000,-253.1600,-290.7500,-255.4750,-401.7600,-355.7050,-291.7100
320,0.0000,0.0000,-26.2590,-52.5070,-105.0070,-225.0000,-250.0000,-300.0000,-360.0000,-390.0000,-300.0000,-200.0000
340,10.0000,10.0000,11.0000,-70.0000,-50.0000,-30.0000,-50.0000,-70.0000,-120.0000,-180.0000,-150.0000,-100.0000
484,-112.5840,-7.0580,-477.8610,-1008.3550,-838.0780,-741.0710,-1828.7430,-1300.5970,-1745.3470,-1351.4040,-2596.1570,-1805.2380
558,-10.8000,-11.0000,-14.0000,-19.0000,-40.0060,-59.9500,-110.1500,-155.7000,-113.9500,-157.8000,-206.4000,-200.0000
591,-5.2000,-5.2000,-9.2500,-9.2500,-9.9000,-0.4300,-10.0000,-15.0000,8.0000,11.0000,8.0000,11.0000
931,745.5480,-25.6960,-253.6540,-320.8890,-75.2270,-450.9540,-517.0870,-574.9140,-765.5700,-1010.1480,-1772.6040,-1889.1700
32,310.0000,140.0000,125.0000,125.0000,290.0000,-220.0000,80.0000,120.0000,0.0000,-50.0000,-180.0000,-199.9970
68,-30.0000,-32.0000,-34.0000,-36.0000,-40.0000,-35.0000,-100.0000,-100.0000,-100.0000,-100.0000,-131.0000,-165.1770
76,549.3910,0.0000,0.0000,0.0000,0.0000,0.0000,-16.0000,-92.0000,-99.9990,-100.0020,-499.9990,-499.9990
152,-40.0000,-40.0000,-33.0000,-33.0000,-80.0000,-80.0000,-60.0000,-40.0000,90.0000,60.0000,30.0000,30.0000
170,-150.0000,-200.0000,-250.0000,-280.0000,-280.0000,-272.0030,-246.0000,-235.0000,-250.0000,-150.0000,-120.0000,-120.0000
218,0.0000,0.0000,0.0000,0.0000,0.0000,0.0000,0.0000,0.0000,-50.0000,-250.0010,-120.0000,-120.0000
254,0.2310,0.9640,3.4740,4.0350,2.5300,5.0960,10.7730,16.7490,4.4500,6.6000,14.8640,6.0000
328,6.9590,-5.8730,-3.6280,-13.2580,-57.0460,-52.1140,-98.2180,-87.9780,-46.6030,-42.4820,-32.9190,-40.0000
600,-77.4310,-73.1700,-69.1950,-64.5340,-57.6760,-45.4210,-20.7900,-16.9040,-30.4400,-42.9700,-44.5560,-40.0000
604,0.0000,0.0000,0.0000,0.0000,0.0000,-36.0000,-80.0000,-180.0000,-300.0000,-350.0000,-624.9990,-724.9990
740,-3.4230,-5.4160,-11.0500,-13.8620,-56.8200,-40.3520,-31.7710,-4.8450,-3.3420,-5.6550,0.0030,-4.9980
858,10.0000,20.0000,-6.0000,-34.0000,-136.0000,-60.0000,-30.0000,-30.0000,-20.0000,-26.0000,-104.0000,-50.0000
862,170.0000,170.0000,25.0000,25.0000,340.0000,385.0000,75.0010,75.0010,40.0000,40.0000,40.0000,40.0000
905,1757.6040,2427.2210,1407.9940,2570.5310,3174.9120,3924.7650,3632.2070,4674.1150,5096.6670,9251.6990,7282.0060,6050.9080
124,596.0770,524.4160,181.8840,904.6300,491.9000,400.4600,329.9610,889.3970,642.7330,732.9670,1088.7010,1098.4440
840,1161.7780,1902.5340,1226.9480,1665.3740,2683.4100,3526.9790,3302.9610,3786.2100,4458.1020,8521.4580,6195.1970,4954.9240
909,482.0900,421.4300,398.1960,697.1980,462.0570,93.3660,450.9370,564.6970,423.6010,414.2750,687.3800,1113.9970
927,501.2940,447.7540,405.1810,715.3040,509.1230,153.4410,486.5480,657.9070,490.5600,508.6630,797.9780,1189.6430
36,439.2990,405.4870,361.4270,712.1980,428.0060,228.9250,489.3990,666.5300,371.0640,465.6770,661.6080,1124.6390
554,61.9950,42.2670,43.7540,3.1060,81.1170,-75.4840,-2.8510,-8.6230,119.4960,42.9860,136.3700,65.0040
928,-5.5780,-7.5260,3.9940,-3.6850,-9.9210,-29.6050,-16.8710,-70.6550,-31.7840,-43.8240,-56.1580,-22.3680
242,-3.2860,-4.8580,2.4510,-9.5670,-12.5060,-20.7090,-11.6280,-66.8750,-35.7960,-42.2600,-61.7970,-28.7540
540,-3.5970,2.3000,3.1520,0.8810,6.4240,-1.3620,-2.1300,0.6120,5.0590,6.2170,5.6390,6.3860
598,-0.6650,-7.6750,-4.3170,2.9930,-7.3520,-8.2430,0.0000,0.0000,0.0000,0.0000,0.0000,0.0000
90,1.9290,2.6600,2.4500,2.3020,2.1540,0.3120,0.0000,-1.8660,-0.9830,-0.6820,0.0000,0.0000
548,0.0410,0.0470,0.2580,-0.2940,1.3590,0.3970,-3.1130,-2.5260,-0.0640,-7.0990,0.0000,0.0000
954,-4.6080,-4.6830,-2.1590,-1.8610,-10.2920,-4.3610,11.6380,9.8530,-5.0280,-23.2750,-24.1780,-25.2990
316,-3.6150,-4.3460,-2.1330,-1.1230,-2.2570,-1.3560,-0.1180,0.5030,-3.1970,-4.8480,0.7950,0.0000
583,0.0000,0.0000,0.0000,0.0000,-7.9970,-0.5480,0.0000,-2.4610,-2.2340,-13.6180,-9.7130,-9.0000
957,-9.0180,-14.1150,-8.8200,-12.5600,-26.8530,-26.1090,-30.3780,-32.4080,-30.1470,-27.2890,-30.2620,-27.9790
258,-0.0860,-2.0160,-0.7380,0.6910,2.1800,4.2440,3.1510,-1.0830,-0.5240,3.2240,-0.3820,-0.4130
882,-2.5490,-1.3480,-3.1520,-5.0540,-12.5460,-15.1470,-20.1700,-16.4020,-13.0230,-14.9700,-17.9060,-15.7380
776,-1.6140,-4.9250,0.1030,-3.1470,-7.6350,-7.8890,-12.5420,-10.9020,-11.0820,-8.7010,-8.1290,-8.1960
